,phrase,label,sentiment,subjectivity,language,count
Greece,,,,,,
Attica,,,,,,
Alps,,,,,,
US,,,,,,
Cyprus,,,,,,
Indonesia,,,,,,
Paphos,,,,,,
Japan,,,,,,
Laconia,,,,,,
Albania,,,,,,
Italy,,,,,,
Russia,,,,,,
Switzerland,,,,,,
Ioannina,,,,,,
Athens,,,,,,
Macedonia,,,,,,
Thessaly,,,,,,
Ilia,,,,,,
Meteo,,,,,,
Patras,,,,,,
Beaufort,,,,,,
Crete,,,,,,
Evia,,,,,,
France,,,,,,
Kefalonia,,,,,,
Giannitsochori,,,,,,
Philippines,,,,,,
Sweden,,,,,,
Finland,,,,,,
Achaia,,,,,,
Washington,,,,,,
Peloponnese,,,,,,
Eastern Aegean,,,,,,
Fthiotida,,,,,,
New York,,,,,,
Corfu,,,,,,
Tzoumerka,,,,,,
Moschato,,,,,,
Northern Greece,,,,,,
Santorini,,,,,,
Austria,,,,,,
Vlychada,,,,,,
the Talaun island,,,,,,
Rio,,,,,,
Kalavryta,,,,,,
Spain,,,,,,
Parnitha,,,,,,
Mexico,,,,,,
Talaun island,,,,,,
Aegean,,,,,,
Western Greece,,,,,,
Iran,,,,,,
Central Macedonia,,,,,,
Madrid,,,,,,
Crans Montana,,,,,,
Sicily,,,,,,
Saudi Arabia,,,,,,
Qatar,,,,,,
Brazil,,,,,,
Mexico City,,,,,,
Southern Peloponnese,,,,,,
Zakynthos,,,,,,
Australia,,,,,,
the Kabardino-Balkaria region,,,,,,
Georgia,,,,,,
the Northern Lights,,,,,,
Northern Lights,,,,,,
Troodos,,,,,,
Denmark,,,,,,
the United States Geological Survey,,,,,,
Tokyo,,,,,,
Mount Elbrus,,,,,,
Pelion,,,,,,
Honshu,,,,,,
Kissavos,,,,,,
Selly,,,,,,
Indo,,,,,,
Valais,,,,,,
Balkans,,,,,,
Tehran,,,,,,
Megalochori,,,,,,
​​Ilia,,,,,,
Kalpaki,,,,,,
Kifissia,,,,,,
Hungary,,,,,,
Alexandroupoli,,,,,,
Nagano,,,,,,
Britain,,,,,,
Tsatraphyllias,,,,,,
Engelberg,,,,,,
Netherlands,,,,,,
Europe,,,,,,
Shimane,,,,,,
Ukraine,,,,,,
Philadelphia,,,,,,
Turkey,,,,,,
the Ionian Islands,,,,,,
Ionia,,,,,,
Pafos,,,,,,
Western Indonesia,,,,,,
Malaysia,,,,,,
Thailand,,,,,,
Sumatra,,,,,,
Sri Lanka,,,,,,
Asia,,,,,,
Piraeus,,,,,,
Argolida,,,,,,
Argolis,,,,,,
Israel,,,,,,
North Aegean,,,,,,
Eastern Macedonia,,,,,,
Central,,,,,,
Aitoloakarnania - Roads,,,,,,
Neochorio Karditsa Earthquake,,,,,,
Karditsa,,,,,,
Vonica,,,,,,
Grammos,,,,,,
Plataria,,,,,,
Igoumenitsa,,,,,,
Sterea,,,,,,
Cyclades,,,,,,
Pieria,,,,,,
Evrota,,,,,,
Aragon,,,,,,
the Vardousia mountains,,,,,,
Taipei,,,,,,
Taiwan,,,,,,
Yilan,,,,,,
Connecticut,,,,,,
Northeast,,,,,,
Northeast US,,,,,,
California,,,,,,
Southern California,,,,,,
Thira,,,,,,
New Philadelphia,,,,,,
Assos,,,,,,
Guaiba,,,,,,
Pyrgos,,,,,,
the United States of America,,,,,,
Goa,,,,,,
India,,,,,,
Gerolimenas,,,,,,
Western Attica,,,,,,
Villas,,,,,,
Papagou,,,,,,
